"location","year_month","month_min"
"Altamira",1999-08-01,14.6
"Altamira",1999-09-01,14.6
"Altamira",1999-10-01,14.2
"Altamira",1999-11-01,12.82
"Altamira",1999-12-01,12.66
"Altamira",2000-01-01,10.93
"Altamira",2000-02-01,11.55
"Altamira",2000-03-01,11.79
"Altamira",2000-04-01,10.76
"Altamira",2000-05-01,14.39
"Altamira",2000-06-01,14.7
"Altamira",2000-07-01,12.76
"Altamira",2000-08-01,13.81
"Altamira",2000-09-01,14.2
"Altamira",2000-10-01,12.53
"Altamira",2000-11-01,11.48
"Altamira",2000-12-01,11.38
"Altamira",2001-01-01,10.88
"Altamira",2001-02-01,11.51
"Altamira",2001-03-01,12.36
"Altamira",2001-04-01,12.46
"Altamira",2001-05-01,14.16
"Altamira",2001-06-01,12.45
"Altamira",2001-07-01,12.92
"Altamira",2001-08-01,13.96
"Altamira",2001-09-01,12.96
"Altamira",2001-10-01,14.7
"Altamira",2001-11-01,13.96
"Altamira",2001-12-01,11.75
"Altamira",2002-01-01,10.02
"Altamira",2002-02-01,10.91
"Altamira",2002-03-01,11.35
"Altamira",2002-04-01,12.28
"Altamira",2002-05-01,13.81
"Altamira",2002-06-01,13.46
"Altamira",2002-07-01,13.79
"Altamira",2002-08-01,13.3
"Altamira",2002-09-01,13.72
"Altamira",2002-10-01,13.18
"Altamira",2002-11-01,12.11
"Altamira",2002-12-01,11.42
"Altamira",2003-01-01,10.18
"Altamira",2003-02-01,11.08
"Altamira",2003-03-01,12.12
"Altamira",2003-04-01,12.41
"Altamira",2003-05-01,13.42
"Altamira",2003-06-01,13.85
"Altamira",2003-07-01,13.05
"Altamira",2003-08-01,13.28
"Altamira",2003-09-01,13.08
"Altamira",2003-10-01,13.82
"Altamira",2003-11-01,13.26
"Altamira",2003-12-01,12.32
"Altamira",2004-01-01,10.69
"Altamira",2004-02-01,11.16
"Altamira",2004-03-01,12.26
"Altamira",2004-04-01,12.79
"Altamira",2004-05-01,13.79
"Altamira",2004-06-01,12.28
"Altamira",2004-07-01,12.08
"Altamira",2004-08-01,13.12
"Altamira",2004-09-01,13.23
"Altamira",2004-10-01,12.96
"Altamira",2004-11-01,11.93
"Altamira",2004-12-01,10.89
"Altamira",2005-01-01,11.75
"Altamira",2005-02-01,11.22
"Altamira",2005-03-01,12.29
"Altamira",2005-04-01,12.69
"Altamira",2005-05-01,13.43
"Altamira",2005-06-01,14.01
"Altamira",2005-07-01,13.53
"Altamira",2005-08-01,13.49
"Altamira",2005-09-01,13.27
"Altamira",2005-10-01,13.16
"Altamira",2005-11-01,12.73
"Altamira",2005-12-01,10.06
"Altamira",2006-01-01,11.35
"Altamira",2006-02-01,10.54
"Altamira",2006-03-01,11.02
"Altamira",2006-04-01,12.62
"Altamira",2006-05-01,12.41
"Altamira",2006-06-01,13.4
"Altamira",2006-07-01,13
"Altamira",2006-08-01,13.27
"Altamira",2006-09-01,13.1
"Altamira",2006-10-01,12.49
"Altamira",2006-11-01,12.79
"Altamira",2006-12-01,11.55
"Altamira",2007-01-01,11.96
"Altamira",2007-02-01,11.25
"Altamira",2007-03-01,11.55
"Altamira",2007-04-01,11.77
"Altamira",2007-05-01,13.43
"Altamira",2007-06-01,13.3
"Altamira",2007-07-01,12.86
"Altamira",2007-08-01,12.8
"Altamira",2007-09-01,12.93
"Altamira",2007-10-01,12.81
"Altamira",2007-11-01,13.98
"Altamira",2008-06-01,13.38
"Altamira",2008-07-01,12.94
"Altamira",2008-08-01,12.61
"Altamira",2008-09-01,13.23
"Altamira",2008-10-01,13.44
"Altamira",2008-11-01,12.83
"Altamira",2008-12-01,11.41
"Altamira",2009-01-01,11.34
"Altamira",2009-02-01,10.5
"Altamira",2009-03-01,11.42
"Altamira",2009-04-01,11.73
"Altamira",2009-05-01,13.28
"Altamira",2009-06-01,13.99
"Altamira",2009-07-01,14.4
"Altamira",2009-08-01,15.18
"Altamira",2009-09-01,14.89
"Altamira",2009-10-01,14.65
"Altamira",2009-11-01,13.1
"Altamira",2009-12-01,12.79
"Altamira",2010-01-01,12.96
"Altamira",2010-02-01,14.12
"Altamira",2010-03-01,12.87
"Altamira",2010-04-01,13.61
"Altamira",2010-05-01,13.85
"Altamira",2010-06-01,15.25
"Altamira",2010-07-01,14.78
"Altamira",2010-08-01,14.71
"Altamira",2010-09-01,14.88
"Altamira",2010-10-01,15.09
"Altamira",2010-11-01,13.66
"Altamira",2010-12-01,11.31
"Altamira",2011-01-01,11.32
"Altamira",2011-02-01,12.89
"Altamira",2011-03-01,11.77
"Altamira",2011-04-01,13.91
"Altamira",2011-05-01,13.91
"Altamira",2011-06-01,14.59
"Altamira",2011-07-01,13.78
"Altamira",2011-08-01,14.29
"Altamira",2011-09-01,14.63
"Altamira",2011-10-01,14.23
"Altamira",2011-11-01,12.21
"Altamira",2011-12-01,12.22
"Altamira",2012-01-01,11.44
"Altamira",2012-02-01,12.26
"Altamira",2012-03-01,13.36
"Altamira",2012-04-01,13.25
"Altamira",2012-05-01,14.47
"Altamira",2012-06-01,14.03
"Altamira",2012-07-01,14.41
"Altamira",2012-08-01,14.61
"Altamira",2012-09-01,14.38
"Altamira",2012-10-01,14.41
"Altamira",2012-11-01,14.07
"Altamira",2012-12-01,12.6
"Altamira",2013-01-01,13.09
"Altamira",2013-02-01,12.72
"Altamira",2013-03-01,14.25
"Altamira",2013-04-01,14.07
"Altamira",2013-05-01,11.79
"Altamira",2013-06-01,15.23
"Altamira",2013-07-01,14.33
"Altamira",2013-08-01,13.9
"Altamira",2013-09-01,14.41
"Altamira",2013-10-01,13.74
"Altamira",2013-11-01,12.41
"Altamira",2013-12-01,11.25
"Altamira",2014-01-01,11.56
"Altamira",2014-02-01,10.83
"Altamira",2014-03-01,13.35
"Altamira",2014-04-01,13.78
"Altamira",2014-05-01,15
"Altamira",2014-06-01,14.77
"Altamira",2014-07-01,14.63
"Altamira",2014-08-01,14.12
"Altamira",2014-09-01,14.63
"Altamira",2014-10-01,13.85
"Altamira",2014-11-01,13.14
"Altamira",2014-12-01,12.41
"Altamira",2015-01-01,12.89
"Altamira",2015-02-01,12.48
"Altamira",2015-03-01,12.75
"Altamira",2015-04-01,13.6
"Altamira",2015-05-01,15.4
"Altamira",2015-06-01,14.3
"Altamira",2015-07-01,13.8
"Altamira",2015-08-01,15.1
"Altamira",2015-09-01,15.2
"Altamira",2015-10-01,13.5
"Altamira",2015-11-01,13.6
"Altamira",2015-12-01,12.5
"Altamira",2016-01-01,11.2
"Altamira",2016-02-01,14
"Altamira",2016-03-01,13.3
"Altamira",2016-04-01,14.9
"Altamira",2016-05-01,14
"Altamira",2016-06-01,13.1
"Altamira",2016-07-01,14.4
"Altamira",2016-08-01,14.4
"Altamira",2016-09-01,14.7
"Altamira",2016-10-01,14.5
"Altamira",2016-11-01,12
"Altamira",2016-12-01,10.2
"Altamira",2017-01-01,12.2
"Altamira",2017-02-01,11.8
"Altamira",2017-03-01,14.4
"Altamira",2017-06-01,14.8
"Altamira",2017-07-01,13
"Altamira",2017-08-01,14.4
"Altamira",2017-09-01,13
"Altamira",2017-10-01,12.3
"Altamira",2017-11-01,12
"Altamira",2017-12-01,12.2
"Altamira",2018-01-01,11.1
"Altamira",2018-02-01,12
"Altamira",2018-03-01,12.2
"Altamira",2018-04-01,13.2
"Altamira",2018-05-01,13.8
"Altamira",2018-06-01,13.9
"Altamira",2018-07-01,11.9
"Altamira",2018-08-01,13.1
"Altamira",2018-09-01,10.6
"Altamira",2018-10-01,13.3
"Altamira",2018-11-01,11.3
"Altamira",2018-12-01,11.4
"Altamira",2019-01-01,11.7
"Altamira",2019-02-01,12.3
"Altamira",2019-03-01,13.6
"Altamira",2019-04-01,16.1
"Altamira",2019-05-01,15.3
"Altamira",2019-06-01,12.3
"Altamira",2019-07-01,14.8
"Altamira",2019-08-01,13.9
"Altamira",2019-09-01,14
"Altamira",2019-10-01,11.6
"Altamira",2019-11-01,12.8
"Altamira",2019-12-01,12.7
"Altamira",2020-01-01,13
"Altamira",2020-02-01,11.7
"Altamira",2020-03-01,12.8
"Altamira",2020-04-01,14.6
"Altamira",2020-05-01,14.4
"Altamira",2020-06-01,13.9
"Altamira",2020-07-01,13.7
"Altamira",2020-08-01,14.1
"Altamira",2020-09-01,13.9
"Altamira",2020-10-01,12.8
"Altamira",2020-11-01,11.2
"Altamira",2020-12-01,11
"Altamira",2021-01-01,10.4
"Altamira",2021-02-01,10.7
"Altamira",2021-03-01,13
"Altamira",2021-04-01,13.3
"Altamira",2021-05-01,14.3
"Altamira",2021-06-01,13.5
"Altamira",2021-07-01,14.1
"Altamira",2021-08-01,13.9
"Altamira",2021-09-01,14.1
"Altamira",2021-10-01,12.8
"Altamira",2021-11-01,12.4
"Altamira",2021-12-01,11
"Altamira",2022-01-01,10.8
"Altamira",2022-02-01,12
"Altamira",2022-03-01,12.5
"Altamira",2022-04-01,14.6
"Altamira",2022-05-01,14
"Altamira",2022-06-01,11.7
"Altamira",2022-07-01,14
"Altamira",2022-08-01,14
"Altamira",2022-09-01,14.4
"Altamira",2022-10-01,13.2
"Altamira",2022-11-01,10.4
"Altamira",2022-12-01,11
"Altamira",2023-01-01,11.5
"Altamira",2023-02-01,11.4
"Altamira",2023-03-01,13.2
"Altamira",2023-04-01,12.1
"Altamira",2023-05-01,14.4
"Altamira",2023-06-01,15.2
"Altamira",2023-07-01,14.5
"Altamira",2023-08-01,15
"Altamira",2023-09-01,15.7
"Altamira",2023-10-01,14.5
"Altamira",2023-11-01,12.3
"Altamira",2023-12-01,12.4
"Altamira",2024-01-01,12.5
"Altamira",2024-02-01,12.5
"Altamira",2024-03-01,12.5
"Altamira",2024-04-01,15.9
"Altamira",2024-05-01,16
"Altamira",NA,11.4
"Ciudad_Neily",2013-05-01,21.91
"Ciudad_Neily",2013-06-01,21.07
"Ciudad_Neily",2013-07-01,21.07
"Ciudad_Neily",2013-08-01,20.93
"Ciudad_Neily",2013-09-01,20.9
"Ciudad_Neily",2013-10-01,21.55
"Ciudad_Neily",2013-11-01,19.97
"Ciudad_Neily",2013-12-01,19.68
"Ciudad_Neily",2014-01-01,20.49
"Ciudad_Neily",2014-02-01,19.27
"Ciudad_Neily",2014-03-01,20.62
"Ciudad_Neily",2014-04-01,20.49
"Ciudad_Neily",2014-05-01,21.9
"Ciudad_Neily",2014-06-01,21.44
"Ciudad_Neily",2014-07-01,21.85
"Ciudad_Neily",2014-08-01,21.48
"Ciudad_Neily",2014-09-01,21.18
"Ciudad_Neily",2014-10-01,21.89
"Ciudad_Neily",2014-11-01,20.29
"Ciudad_Neily",2014-12-01,21.09
"Ciudad_Neily",2015-01-01,20.14
"Ciudad_Neily",2015-02-01,18.38
"Ciudad_Neily",2015-03-01,18.58
"Ciudad_Neily",2015-04-01,20.54
"Ciudad_Neily",2015-05-01,21.6
"Ciudad_Neily",2015-06-01,21.8
"Ciudad_Neily",2015-07-01,22.2
"Ciudad_Neily",2015-08-01,21.9
"Ciudad_Neily",2015-09-01,21.9
"Ciudad_Neily",2015-10-01,21.5
"Ciudad_Neily",2015-11-01,21.4
"Ciudad_Neily",2015-12-01,21.8
"Ciudad_Neily",2016-01-01,20.5
"Ciudad_Neily",2016-02-01,18.5
"Ciudad_Neily",2016-03-01,22
"Ciudad_Neily",2016-04-01,20.4
"Ciudad_Neily",2016-05-01,21.8
"Ciudad_Neily",2016-06-01,21.7
"Ciudad_Neily",2016-07-01,21.4
"Ciudad_Neily",2016-08-01,21.4
"Ciudad_Neily",2016-09-01,20.5
"Ciudad_Neily",2016-10-01,21.4
"Ciudad_Neily",2016-11-01,21.6
"Ciudad_Neily",2016-12-01,19.8
"Ciudad_Neily",2017-01-01,18.4
"Ciudad_Neily",2017-02-01,15.3
"Ciudad_Neily",2017-03-01,18.6
"Ciudad_Neily",2017-04-01,21.1
"Ciudad_Neily",2017-05-01,21.6
"Ciudad_Neily",2017-06-01,21.4
"Ciudad_Neily",2017-07-01,20.8
"Ciudad_Neily",2017-08-01,21.2
"Ciudad_Neily",2017-09-01,21.7
"Ciudad_Neily",2017-10-01,21.5
"Ciudad_Neily",2017-11-01,21.9
"Ciudad_Neily",2017-12-01,19.3
"Ciudad_Neily",2018-01-01,20.4
"Ciudad_Neily",2018-02-01,18.8
"Ciudad_Neily",2018-04-01,23.7
"Ciudad_Neily",2018-05-01,21.8
"Ciudad_Neily",2018-06-01,21.1
"Ciudad_Neily",2018-07-01,21
"Ciudad_Neily",2018-08-01,21.3
"Ciudad_Neily",2018-09-01,21.2
"Ciudad_Neily",2018-10-01,18.7
"Ciudad_Neily",2018-12-01,19.6
"Ciudad_Neily",2019-01-01,18.8
"Ciudad_Neily",2019-02-01,17.6
"Ciudad_Neily",2019-03-01,19.6
"Ciudad_Neily",2019-04-01,21.7
"Ciudad_Neily",2019-05-01,21.6
"Ciudad_Neily",2019-06-01,22.3
"Ciudad_Neily",2019-07-01,21.6
"Ciudad_Neily",2019-08-01,22
"Ciudad_Neily",2019-09-01,21.8
"Ciudad_Neily",2019-10-01,20.9
"Ciudad_Neily",2019-11-01,21.7
"Ciudad_Neily",2019-12-01,21.3
"Ciudad_Neily",2020-01-01,20.5
"Ciudad_Neily",2020-02-01,18.1
"Ciudad_Neily",2020-03-01,19.7
"Ciudad_Neily",2020-04-01,21.8
"Ciudad_Neily",2020-05-01,22.3
"Ciudad_Neily",2020-06-01,21.2
"Ciudad_Neily",2020-07-01,21.2
"Ciudad_Neily",2020-08-01,20.9
"Ciudad_Neily",2020-09-01,21.7
"Ciudad_Neily",2020-10-01,21.3
"Ciudad_Neily",2020-11-01,21
"Ciudad_Neily",2020-12-01,20.5
"Ciudad_Neily",2021-01-01,19.3
"Ciudad_Neily",2021-02-01,19
"Ciudad_Neily",2021-03-01,19.1
"Ciudad_Neily",2021-04-01,21
"Ciudad_Neily",2021-05-01,20.8
"Ciudad_Neily",2021-06-01,21.1
"Ciudad_Neily",2021-07-01,20.8
"Ciudad_Neily",2021-08-01,21.3
"Ciudad_Neily",2021-09-01,21
"Ciudad_Neily",2021-10-01,21.6
"Ciudad_Neily",2021-11-01,21.1
"Ciudad_Neily",2021-12-01,20.8
"Ciudad_Neily",2022-01-01,19.8
"Ciudad_Neily",2022-02-01,18.2
"Ciudad_Neily",2022-03-01,20.5
"Ciudad_Neily",2022-04-01,21.1
"Ciudad_Neily",2022-05-01,21.8
"Ciudad_Neily",2022-06-01,21.1
"Ciudad_Neily",2022-07-01,20.9
"Ciudad_Neily",2022-08-01,22.2
"Ciudad_Neily",2022-09-01,21.2
"Ciudad_Neily",2022-10-01,22
"Ciudad_Neily",2022-11-01,21.5
"Ciudad_Neily",2022-12-01,19.5
"Ciudad_Neily",2023-01-01,17.9
"Ciudad_Neily",2023-02-01,18.8
"Ciudad_Neily",2023-03-01,19.5
"Ciudad_Neily",2023-04-01,20.9
"Ciudad_Neily",2023-05-01,21.9
"Ciudad_Neily",2023-06-01,21.5
"Ciudad_Neily",2023-07-01,22.6
"Ciudad_Neily",2023-08-01,21.2
"Ciudad_Neily",2023-09-01,21.5
"Ciudad_Neily",2023-10-01,21
"Ciudad_Neily",2023-11-01,20.7
"Ciudad_Neily",2023-12-01,20.3
"Ciudad_Neily",2024-01-01,20.7
"Ciudad_Neily",2024-02-01,20.2
"Ciudad_Neily",2024-03-01,20.1
"Ciudad_Neily",2024-04-01,21.4
"Ciudad_Neily",2024-05-01,22.4
"Ciudad_Neily",2024-06-01,22.2
"Ciudad_Neily",2024-07-01,22.2
"Ciudad_Neily",2024-08-01,21.7
"Ciudad_Neily",2024-09-01,22.6
"Fundación_Neotropica",2013-01-01,22.5
"Fundación_Neotropica",2013-02-01,21.57
"Fundación_Neotropica",2013-03-01,22.02
"Fundación_Neotropica",2013-04-01,21.31
"Fundación_Neotropica",2013-05-01,21.67
"Fundación_Neotropica",2013-06-01,20.78
"Fundación_Neotropica",2013-07-01,22.21
"Fundación_Neotropica",2013-08-01,21.5
"Fundación_Neotropica",2013-09-01,21.31
"Fundación_Neotropica",2013-10-01,20.8
"Fundación_Neotropica",2013-11-01,19.79
"Fundación_Neotropica",2013-12-01,21.41
"Fundación_Neotropica",2014-01-01,21.53
"Fundación_Neotropica",2014-02-01,21.85
"Fundación_Neotropica",2014-03-01,21.45
"Fundación_Neotropica",2014-04-01,21.95
"Fundación_Neotropica",2014-05-01,21.96
"Fundación_Neotropica",2014-06-01,21.5
"Fundación_Neotropica",2014-07-01,22.32
"Fundación_Neotropica",2014-08-01,21.13
"Fundación_Neotropica",2014-09-01,20.98
"Fundación_Neotropica",2014-10-01,21.22
"Fundación_Neotropica",2014-11-01,21.68
"Fundación_Neotropica",2014-12-01,21.63
"Fundación_Neotropica",2015-01-01,20.83
"Fundación_Neotropica",2015-02-01,21.56
"Fundación_Neotropica",2015-03-01,20.96
"Fundación_Neotropica",2015-04-01,21.87
"Fundación_Neotropica",2015-05-01,21
"Fundación_Neotropica",2015-06-01,21.1
"Fundación_Neotropica",2015-07-01,21.6
"Fundación_Neotropica",2015-08-01,21.9
"Fundación_Neotropica",2015-09-01,21.5
"Fundación_Neotropica",2015-10-01,22
"Fundación_Neotropica",2015-11-01,21.8
"Fundación_Neotropica",2015-12-01,22.3
"Fundación_Neotropica",2016-01-01,23.2
"Fundación_Neotropica",2016-02-01,22.3
"Fundación_Neotropica",2016-03-01,23.3
"Fundación_Neotropica",2016-04-01,22.7
"Fundación_Neotropica",2016-05-01,22.8
"Fundación_Neotropica",2016-06-01,21.6
"Fundación_Neotropica",2016-07-01,21.6
"Fundación_Neotropica",2016-08-01,21.4
"Fundación_Neotropica",2016-09-01,21.1
"Fundación_Neotropica",2016-10-01,21.8
"Fundación_Neotropica",2016-11-01,21.9
"Fundación_Neotropica",2016-12-01,21.1
"Fundación_Neotropica",2017-02-01,21.5
"Fundación_Neotropica",2017-03-01,20.8
"Fundación_Neotropica",2017-04-01,21.1
"Fundación_Neotropica",2017-05-01,22.1
"Fundación_Neotropica",2017-06-01,21.7
"Fundación_Neotropica",2017-07-01,21.1
"Fundación_Neotropica",2017-08-01,20.7
"Fundación_Neotropica",2017-09-01,21.8
"Fundación_Neotropica",2017-10-01,20.8
"Fundación_Neotropica",2017-11-01,21.5
"Fundación_Neotropica",2017-12-01,20.8
"Fundación_Neotropica",2018-01-01,20.6
"Fundación_Neotropica",2018-02-01,21.3
"Fundación_Neotropica",2018-03-01,21.3
"Fundación_Neotropica",2018-04-01,20.8
"Fundación_Neotropica",2018-05-01,21.3
"Fundación_Neotropica",2018-06-01,20.5
"Fundación_Neotropica",2018-07-01,20.8
"Fundación_Neotropica",2018-08-01,21.2
"Fundación_Neotropica",2018-09-01,21.4
"Fundación_Neotropica",2018-10-01,19.9
"Fundación_Neotropica",2018-11-01,21.6
"Fundación_Neotropica",2018-12-01,21.1
"Fundación_Neotropica",2019-01-01,21.2
"Fundación_Neotropica",2019-02-01,19.4
"Fundación_Neotropica",2019-03-01,21.9
"Fundación_Neotropica",2019-04-01,21.9
"Fundación_Neotropica",2019-05-01,21.4
"Fundación_Neotropica",2019-06-01,21.9
"Fundación_Neotropica",2019-07-01,21.4
"Fundación_Neotropica",2019-08-01,21.3
"Fundación_Neotropica",2019-09-01,21
"Fundación_Neotropica",2019-10-01,21.4
"Fundación_Neotropica",2019-11-01,21.6
"Fundación_Neotropica",2019-12-01,21.4
"Fundación_Neotropica",2020-01-01,21.7
"Fundación_Neotropica",2020-02-01,21.8
"Fundación_Neotropica",2020-03-01,21.2
"Fundación_Neotropica",2020-04-01,22.6
"Fundación_Neotropica",2020-05-01,22.6
"Fundación_Neotropica",2020-06-01,21.7
"Fundación_Neotropica",2020-07-01,21
"Fundación_Neotropica",2020-08-01,20.5
"Fundación_Neotropica",2020-09-01,21.2
"Fundación_Neotropica",2020-10-01,21.4
"Fundación_Neotropica",2020-11-01,21.6
"Fundación_Neotropica",2020-12-01,21.4
"Fundación_Neotropica",2021-01-01,20.9
"Fundación_Neotropica",2021-02-01,21.2
"Fundación_Neotropica",2021-03-01,21.2
"Fundación_Neotropica",2021-04-01,21.1
"Fundación_Neotropica",2021-05-01,21.6
"Fundación_Neotropica",2021-06-01,20.6
"Fundación_Neotropica",2021-07-01,21.1
"Fundación_Neotropica",2021-08-01,21.1
"Fundación_Neotropica",2021-09-01,21.4
"Fundación_Neotropica",2021-10-01,21.4
"Fundación_Neotropica",2021-11-01,21.4
"Fundación_Neotropica",2021-12-01,21.1
"Fundación_Neotropica",2022-01-01,20.8
"Fundación_Neotropica",2022-02-01,20.4
"Fundación_Neotropica",2022-03-01,20.3
"Fundación_Neotropica",2022-04-01,21.1
"Fundación_Neotropica",2022-05-01,22
"Fundación_Neotropica",2022-06-01,21.2
"Fundación_Neotropica",2022-07-01,20.9
"Fundación_Neotropica",2022-08-01,20.1
"Fundación_Neotropica",2022-09-01,21.5
"Fundación_Neotropica",2022-10-01,21.9
"Fundación_Neotropica",2022-11-01,21.6
"Fundación_Neotropica",2022-12-01,20.9
"Fundación_Neotropica",2023-01-01,21.2
"Fundación_Neotropica",2023-02-01,20.9
"Fundación_Neotropica",2023-03-01,21.5
"Fundación_Neotropica",2023-04-01,21.2
"Fundación_Neotropica",2023-05-01,22.3
"Fundación_Neotropica",2023-06-01,22.6
"Fundación_Neotropica",2023-07-01,21.3
"Fundación_Neotropica",2023-08-01,22.4
"Fundación_Neotropica",2023-09-01,22.2
"Fundación_Neotropica",2023-10-01,21.5
"Fundación_Neotropica",2023-11-01,22.6
"Fundación_Neotropica",2023-12-01,22.5
"Fundación_Neotropica",2024-01-01,22.9
"Fundación_Neotropica",2024-02-01,21.9
"Fundación_Neotropica",2024-03-01,22.7
"Fundación_Neotropica",2024-04-01,23.1
"Fundación_Neotropica",2024-05-01,22.5
"Fundación_Neotropica",2024-06-01,22.6
"Fundación_Neotropica",2024-07-01,22.4
"Greg_gund",2013-09-01,20.51
"Greg_gund",2013-10-01,21.32
"Greg_gund",2013-11-01,18.83
"Greg_gund",2013-12-01,20.98
"Greg_gund",2014-01-01,21.75
"Greg_gund",2014-02-01,22.14
"Greg_gund",2014-03-01,21.95
"Greg_gund",2014-04-01,20.59
"Greg_gund",2014-05-01,15.39
"Greg_gund",2014-06-01,20.77
"Greg_gund",2014-07-01,20.52
"Greg_gund",2014-10-01,21.5
"Greg_gund",2014-11-01,21.58
"Greg_gund",2014-12-01,22.08
"Greg_gund",2015-01-01,22.12
"Greg_gund",2015-02-01,21.82
"Greg_gund",2015-03-01,21.76
"Greg_gund",2015-04-01,22.04
"Greg_gund",2015-05-01,21.1
"Greg_gund",2015-06-01,22
"Greg_gund",2015-07-01,21.4
"Greg_gund",2015-08-01,21.5
"Greg_gund",2015-09-01,21.2
"Greg_gund",2015-10-01,21.4
"Greg_gund",2015-11-01,21.7
"Greg_gund",2015-12-01,22.8
"Greg_gund",2016-01-01,21.4
"Greg_gund",2016-02-01,23
"Greg_gund",2016-03-01,23.4
"Greg_gund",2016-04-01,22.6
"Greg_gund",2016-05-01,23
"Greg_gund",2017-03-01,22
"Greg_gund",2017-04-01,21.6
"Greg_gund",2017-05-01,21.9
"Greg_gund",2017-06-01,21.4
"Greg_gund",2017-07-01,20.6
"Greg_gund",2017-08-01,20.5
"Greg_gund",2017-09-01,20.9
"Greg_gund",2017-10-01,19.5
"Greg_gund",2017-11-01,20.3
"Greg_gund",2017-12-01,20.8
"Greg_gund",2018-01-01,20.9
"Greg_gund",2018-02-01,21.1
"Greg_gund",2018-03-01,21.6
"Greg_gund",2018-04-01,20.8
"Greg_gund",2018-05-01,20.9
"Greg_gund",2018-06-01,20.1
"Greg_gund",2018-07-01,20.2
"Greg_gund",2018-08-01,20.7
"Greg_gund",2018-09-01,21.3
"Greg_gund",2018-10-01,21.1
"Greg_gund",2018-11-01,21.4
"Greg_gund",2018-12-01,21
"Greg_gund",2019-01-01,20.5
"Greg_gund",2019-02-01,21.4
"Greg_gund",2019-03-01,22.5
"Greg_gund",2019-04-01,22
"Greg_gund",2019-05-01,20.2
"Greg_gund",2019-06-01,21
"Greg_gund",2019-07-01,20.6
"Greg_gund",2019-08-01,20.2
"Greg_gund",2019-09-01,20.1
"Greg_gund",2019-10-01,19.4
"Greg_gund",2019-11-01,19.8
"Greg_gund",2019-12-01,20.6
"Greg_gund",2020-01-01,20.6
"Greg_gund",2020-02-01,21.6
"Greg_gund",2020-03-01,21.9
"Greg_gund",2020-04-01,20.8
"Greg_gund",2020-05-01,20
"Greg_gund",2020-06-01,19.3
"Greg_gund",2020-07-01,17.8
"Greg_gund",2020-08-01,16.2
"Greg_gund",2020-09-01,19
"Greg_gund",2020-10-01,19.3
"Greg_gund",2020-11-01,19.4
"Greg_gund",2020-12-01,21
"Greg_gund",2021-01-01,20.7
"Greg_gund",2021-02-01,21.3
"Greg_gund",2021-03-01,21.8
"Greg_gund",2021-04-01,21
"Greg_gund",2021-05-01,20
"Greg_gund",2021-06-01,18.2
"Greg_gund",2021-07-01,18.6
"Greg_gund",2021-08-01,18.1
"Greg_gund",2021-09-01,18.5
"Greg_gund",2021-10-01,18.5
"Greg_gund",2021-11-01,17.9
"Greg_gund",2021-12-01,17.8
"Greg_gund",2022-01-01,19.8
"Greg_gund",2022-02-01,19.6
"Greg_gund",2022-03-01,20.6
"Greg_gund",2022-04-01,19.2
"Greg_gund",2022-05-01,17.9
"Greg_gund",2022-06-01,17.5
"Greg_gund",2022-07-01,18.2
"Greg_gund",2022-08-01,18.4
"Greg_gund",2022-09-01,18.9
"Greg_gund",2022-10-01,18.2
"Greg_gund",2022-11-01,19.2
"Greg_gund",2022-12-01,20.7
"Greg_gund",2023-01-01,21.2
"Greg_gund",2023-02-01,21.4
"Greg_gund",2023-03-01,20.9
"Greg_gund",2023-04-01,21
"Greg_gund",2023-05-01,21.3
"Greg_gund",2023-06-01,20.3
"Greg_gund",2023-07-01,20.8
"Greg_gund",2023-08-01,19.3
"Greg_gund",2023-09-01,20.2
"Greg_gund",2023-10-01,19.5
"Greg_gund",2023-11-01,18.6
"Greg_gund",2023-12-01,20.5
"Greg_gund",2024-01-01,21.2
"Greg_gund",2024-02-01,21.2
"Greg_gund",2024-03-01,21.7
"Greg_gund",2024-04-01,19.8
"Greg_gund",2024-05-01,20
"Greg_gund",2024-06-01,18.5
"Greg_gund",2024-07-01,19
"Greg_gund",2024-08-01,18.8
"Las_Brisas",1997-01-01,13.8
"Las_Brisas",1997-02-01,14.65
"Las_Brisas",1997-03-01,15.06
"Las_Brisas",1997-04-01,14.94
"Las_Brisas",1997-05-01,16.29
"Las_Brisas",1997-06-01,15.42
"Las_Brisas",1997-07-01,16.44
"Las_Brisas",1997-08-01,16.8
"Las_Brisas",1997-09-01,16.21
"Las_Brisas",1997-10-01,16.18
"Las_Brisas",1997-11-01,15.69
"Las_Brisas",1997-12-01,14.56
"Las_Brisas",1998-01-01,14.94
"Las_Brisas",1998-02-01,16.55
"Las_Brisas",1998-03-01,16.23
"Las_Brisas",1998-04-01,16.87
"Las_Brisas",1998-05-01,16.53
"Las_Brisas",1998-06-01,16
"Las_Brisas",1998-07-01,15.93
"Las_Brisas",1998-08-01,15.91
"Las_Brisas",1998-09-01,15.78
"Las_Brisas",1998-10-01,15.88
"Las_Brisas",1998-11-01,15.01
"Las_Brisas",1998-12-01,15.14
"Las_Brisas",1999-01-01,13.41
"Las_Brisas",1999-02-01,13.85
"Las_Brisas",1999-03-01,14.48
"Las_Brisas",1999-04-01,14.88
"Las_Brisas",1999-05-01,15.77
"Las_Brisas",1999-06-01,15.31
"Las_Brisas",1999-07-01,15.24
"Las_Brisas",1999-08-01,14.74
"Las_Brisas",1999-09-01,15.2
"Las_Brisas",1999-10-01,15.54
"Las_Brisas",1999-11-01,15.04
"Las_Brisas",1999-12-01,13.92
"Las_Brisas",2000-01-01,12.89
"Las_Brisas",2000-02-01,13.69
"Las_Brisas",2000-03-01,14.94
"Las_Brisas",2000-04-01,15.02
"Las_Brisas",2000-05-01,15.67
"Las_Brisas",2000-06-01,15.07
"Las_Brisas",2000-07-01,15.57
"Las_Brisas",2000-08-01,15.07
"Las_Brisas",2000-09-01,14.74
"Las_Brisas",2000-10-01,15.47
"Las_Brisas",2000-11-01,14.21
"Las_Brisas",2000-12-01,13.98
"Las_Brisas",2001-01-01,14.28
"Las_Brisas",2001-02-01,13.78
"Las_Brisas",2001-03-01,14.24
"Las_Brisas",2001-04-01,15.48
"Las_Brisas",2001-05-01,15.54
"Las_Brisas",2001-06-01,15.11
"Las_Brisas",2001-07-01,15.01
"Las_Brisas",2001-08-01,15.98
"Las_Brisas",2001-09-01,14.41
"Las_Brisas",2001-10-01,15.98
"Las_Brisas",2001-11-01,16.02
"Las_Brisas",2001-12-01,14.36
"Las_Brisas",2002-01-01,14.19
"Las_Brisas",2002-02-01,14.82
"Las_Brisas",2002-03-01,15.58
"Las_Brisas",2002-04-01,15.34
"Las_Brisas",2002-05-01,16.44
"Las_Brisas",2002-06-01,15.79
"Las_Brisas",2002-07-01,16.42
"Las_Brisas",2002-08-01,16.05
"Las_Brisas",2002-09-01,15.92
"Las_Brisas",2002-10-01,15.42
"Las_Brisas",2002-11-01,15.25
"Las_Brisas",2002-12-01,14.82
"Las_Brisas",2003-01-01,15.19
"Las_Brisas",2003-02-01,15.05
"Las_Brisas",2003-03-01,15.04
"Las_Brisas",2003-04-01,15.55
"Las_Brisas",2003-05-01,16.04
"Las_Brisas",2003-06-01,16.36
"Las_Brisas",2003-07-01,15.57
"Las_Brisas",2003-08-01,15.97
"Las_Brisas",2003-09-01,15.67
"Las_Brisas",2003-10-01,15.72
"Las_Brisas",2003-11-01,15.72
"Las_Brisas",2003-12-01,15.29
"Las_Brisas",2004-01-01,14.49
"Las_Brisas",2004-02-01,14.25
"Las_Brisas",2004-03-01,16.13
"Las_Brisas",2004-04-01,16.13
"Las_Brisas",2004-05-01,16.8
"Las_Brisas",2004-06-01,15.35
"Las_Brisas",2004-07-01,15.56
"Las_Brisas",2004-08-01,15.86
"Las_Brisas",2004-09-01,15.49
"Las_Brisas",2004-10-01,15.86
"Las_Brisas",2004-11-01,15.45
"Las_Brisas",2004-12-01,15.26
"Las_Brisas",2005-01-01,14.74
"Las_Brisas",2005-02-01,15.18
"Las_Brisas",2005-03-01,15.57
"Las_Brisas",2005-04-01,14.63
"Las_Brisas",2005-05-01,15.79
"Las_Brisas",2005-06-01,16.32
"Las_Brisas",2005-08-01,15.99
"Las_Brisas",2005-09-01,15.42
"Las_Brisas",2005-10-01,15.52
"Las_Brisas",2005-11-01,15.5
"Las_Brisas",2005-12-01,14.12
"Las_Brisas",2006-01-01,15.02
"Las_Brisas",2006-02-01,13.66
"Las_Brisas",2006-03-01,15.79
"Las_Brisas",2006-04-01,15.32
"Las_Brisas",2006-05-01,16.09
"Las_Brisas",2006-06-01,15.59
"Las_Brisas",2006-07-01,15.83
"Las_Brisas",2006-08-01,17.04
"Las_Brisas",2006-09-01,16.06
"Las_Brisas",2006-10-01,16.57
"Las_Brisas",2006-11-01,16.13
"Las_Brisas",2006-12-01,18.18
"Las_Brisas",2007-01-01,15.79
"Las_Brisas",2007-02-01,15.36
"Las_Brisas",2007-03-01,15.86
"Las_Brisas",2007-04-01,16.2
"Las_Brisas",2007-05-01,16.47
"Las_Brisas",2007-06-01,16.23
"Las_Brisas",2007-07-01,15.86
"Las_Brisas",2007-08-01,15.4
"Las_Brisas",2007-09-01,15.06
"Las_Brisas",2007-10-01,15.07
"Las_Brisas",2007-11-01,16.15
"Las_Brisas",2007-12-01,15.27
"Las_Brisas",2008-01-01,14.19
"Las_Brisas",2008-02-01,14.7
"Las_Brisas",2008-03-01,14.86
"Las_Brisas",2008-04-01,15.84
"Las_Brisas",2008-05-01,14.62
"Las_Brisas",2008-06-01,15.37
"Las_Brisas",2008-07-01,15.61
"Las_Brisas",2008-08-01,16.11
"Las_Brisas",2008-09-01,16.08
"Las_Brisas",2008-10-01,15.92
"Las_Brisas",2008-11-01,15.84
"Las_Brisas",2008-12-01,14.51
"Las_Brisas",2009-01-01,14.92
"Las_Brisas",2009-02-01,14.81
"Las_Brisas",2009-06-01,16.13
"Las_Brisas",2009-07-01,15.76
"Las_Brisas",2009-08-01,16.3
"Las_Brisas",2009-09-01,16.1
"Las_Brisas",2009-10-01,15.7
"Las_Brisas",2009-11-01,15.2
"Las_Brisas",2009-12-01,15.31
"Las_Brisas",2010-01-01,15.54
"Las_Brisas",2010-02-01,15.56
"Las_Brisas",2010-03-01,16.64
"Las_Brisas",2010-04-01,16.87
"Las_Brisas",2010-05-01,15.98
"Las_Brisas",2010-06-01,15.84
"Las_Brisas",2010-07-01,16.01
"Las_Brisas",2010-08-01,15.43
"Las_Brisas",2010-09-01,15.8
"Las_Brisas",2010-10-01,15.4
"Las_Brisas",2010-11-01,15.32
"Las_Brisas",2010-12-01,11.97
"Las_Brisas",2011-01-01,14.64
"Las_Brisas",2011-02-01,16.33
"Las_Brisas",2011-03-01,16.06
"Las_Brisas",2011-04-01,15.69
"Las_Brisas",2011-05-01,16.03
"Las_Brisas",2011-06-01,15.74
"Las_Brisas",2011-07-01,15.13
"Las_Brisas",2011-08-01,15.67
"Las_Brisas",2011-09-01,15.95
"Las_Brisas",2011-10-01,15.42
"Las_Brisas",2011-11-01,14.47
"Las_Brisas",2011-12-01,14.07
"Las_Brisas",2012-01-01,13.77
"Las_Brisas",2012-02-01,14.57
"Las_Brisas",2012-03-01,15.71
"Las_Brisas",2012-04-01,15.03
"Las_Brisas",2012-05-01,15.98
"Las_Brisas",2012-06-01,15.98
"Las_Brisas",2012-07-01,16.21
"Las_Brisas",2012-08-01,15.84
"Las_Brisas",2012-09-01,15.91
"Las_Brisas",2012-10-01,14.95
"Las_Brisas",2012-11-01,15.74
"Las_Brisas",2012-12-01,15.39
"Las_Brisas",2013-01-01,15.05
"Las_Brisas",2013-02-01,14.31
"Las_Brisas",2013-03-01,15.34
"Las_Brisas",2013-04-01,15.59
"Las_Brisas",2013-05-01,15.29
"Las_Brisas",2013-06-01,15.85
"Las_Brisas",2013-07-01,15.95
"Las_Brisas",2013-08-01,15.35
"Las_Brisas",2013-09-01,15.55
"Las_Brisas",2013-10-01,16.22
"Las_Brisas",2013-11-01,15.62
"Las_Brisas",2013-12-01,14.57
"Las_Brisas",2014-01-01,15.1
"Las_Brisas",2014-02-01,14.82
"Las_Brisas",2014-03-01,14.96
"Las_Brisas",2014-04-01,15.91
"Las_Brisas",2014-05-01,16.18
"Las_Brisas",2014-06-01,16.45
"Las_Brisas",2014-07-01,16.45
"Las_Brisas",2014-08-01,16.22
"Las_Brisas",2014-09-01,15.57
"Las_Brisas",2014-10-01,16.05
"Las_Brisas",2014-11-01,15.43
"Las_Brisas",2014-12-01,15.71
"Las_Brisas",2015-01-01,15.04
"Las_Brisas",2015-02-01,14.83
"Las_Brisas",2015-03-01,15.48
"Las_Brisas",2015-04-01,16.39
"Las_Brisas",2015-05-01,14.8
"Las_Brisas",2015-06-01,16.4
"Las_Brisas",2015-07-01,15.6
"Las_Brisas",2015-08-01,16.4
"Las_Brisas",2015-09-01,16.5
"Las_Brisas",2015-10-01,16.6
"Las_Brisas",2015-11-01,15.8
"Las_Brisas",2015-12-01,15.7
"Las_Brisas",2016-01-01,15.3
"Las_Brisas",2016-02-01,14.8
"Las_Brisas",2016-03-01,15.9
"Las_Brisas",2016-04-01,15.6
"Las_Brisas",2016-05-01,16.5
"Las_Brisas",2016-06-01,16.2
"Las_Brisas",2016-07-01,16.4
"Las_Brisas",2016-08-01,16.1
"Las_Brisas",2016-09-01,15.9
"Las_Brisas",2016-10-01,15.8
"Las_Brisas",2016-11-01,15.7
"Las_Brisas",2016-12-01,15.1
"Las_Brisas",2017-01-01,13.9
"Las_Brisas",2017-02-01,14.3
"Las_Brisas",2017-03-01,15.1
"Las_Brisas",2017-04-01,15.7
"Las_Brisas",2017-05-01,17
"Las_Brisas",2017-06-01,16.6
"Las_Brisas",2017-07-01,16.3
"Las_Brisas",2017-08-01,15.4
"Las_Brisas",2017-09-01,16.1
"Las_Brisas",2017-10-01,15.4
"Las_Brisas",2017-11-01,14.7
"Las_Brisas",2017-12-01,14.8
"Las_Brisas",2018-01-01,15.8
"Las_Brisas",2018-02-01,14.9
"Las_Brisas",2018-03-01,15.5
"Las_Brisas",2018-04-01,13.2
"Las_Brisas",2018-05-01,15.5
"Las_Brisas",2018-06-01,15.6
"Las_Brisas",2018-07-01,16.1
"Las_Brisas",2018-08-01,15.4
"Las_Brisas",2018-09-01,14.9
"Las_Brisas",2018-10-01,10.5
"Las_Brisas",2018-11-01,15.1
"Las_Brisas",2018-12-01,15
"Las_Brisas",2019-01-01,14.3
"Las_Brisas",2019-02-01,14.7
"Las_Brisas",2019-03-01,15.7
"Las_Brisas",2019-04-01,16.1
"Las_Brisas",2019-05-01,15.2
"Las_Brisas",2019-06-01,16.6
"Las_Brisas",2019-07-01,15.3
"Las_Brisas",2019-08-01,16.1
"Las_Brisas",2019-09-01,15.1
"Las_Brisas",2019-10-01,15.5
"Las_Brisas",2019-11-01,14.4
"Las_Brisas",2019-12-01,14.4
"Las_Brisas",2020-01-01,14.9
"Las_Brisas",2020-02-01,15
"Las_Brisas",2020-03-01,14.9
"Las_Brisas",2020-04-01,15.8
"Las_Brisas",2020-05-01,16.4
"Las_Brisas",2020-06-01,16.1
"Las_Brisas",2020-07-01,15.8
"Las_Brisas",2020-08-01,15.6
"Las_Brisas",2020-09-01,15.4
"Las_Brisas",2020-10-01,15.8
"Las_Brisas",2020-11-01,15.4
"Las_Brisas",2020-12-01,14.7
"Las_Brisas",2021-01-01,13.3
"Las_Brisas",2021-02-01,15.1
"Las_Brisas",2021-03-01,14.2
"Las_Brisas",2021-04-01,15.9
"Las_Brisas",2021-05-01,15.7
"Las_Brisas",2021-08-01,16
"Las_Brisas",2021-09-01,14.8
"Las_Brisas",2021-10-01,15.1
"Las_Brisas",2021-11-01,14.7
"Las_Brisas",2021-12-01,14.4
"Las_Brisas",2022-01-01,13.3
"Las_Brisas",2022-02-01,13.3
"Las_Brisas",2022-03-01,14.3
"Las_Brisas",2022-04-01,14.6
"Las_Brisas",2022-05-01,15.8
"Las_Brisas",2022-06-01,14.8
"Las_Brisas",2022-07-01,14.6
"Las_Brisas",2022-08-01,15.4
"Las_Brisas",2022-09-01,14.7
"Las_Brisas",2022-10-01,15.2
"Las_Brisas",2022-11-01,14.7
"Las_Brisas",2022-12-01,13
"Las_Brisas",2023-01-01,13.6
"Las_Brisas",2023-02-01,14
"Las_Brisas",2023-03-01,14.3
"Las_Brisas",2023-04-01,14.7
"Las_Brisas",2023-05-01,16.4
"Las_Brisas",2023-06-01,16
"Las_Brisas",2023-07-01,16.2
"Las_Brisas",2023-08-01,15.7
"Las_Brisas",2023-09-01,15.6
"Las_Brisas",2023-10-01,16.3
"Las_Brisas",2023-11-01,15.9
"Las_Brisas",2023-12-01,14.8
"Las_Brisas",2024-01-01,14.8
"Las_Brisas",2024-02-01,14.7
"Las_Brisas",2024-03-01,15
"Las_Brisas",2024-04-01,15.3
"Las_Brisas",2024-05-01,16.5
"Las_Brisas",2024-06-01,16
"Las_Brisas",2024-07-01,16.1
"Las_Brisas",2024-08-01,15.9
"Las_Brisas",2024-09-01,16
"Las_Esferas",2014-10-01,22.54
"Las_Esferas",2014-11-01,21.14
"Las_Esferas",2014-12-01,21.86
"Las_Esferas",2015-01-01,20.31
"Las_Esferas",2015-02-01,20.44
"Las_Esferas",2015-03-01,20.34
"Las_Esferas",2015-04-01,20.92
"Las_Esferas",2015-05-01,21.9
"Las_Esferas",2015-06-01,22.3
"Las_Esferas",2015-07-01,22.3
"Las_Esferas",2015-08-01,21.9
"Las_Esferas",2015-09-01,22
"Las_Esferas",2015-10-01,21.7
"Las_Esferas",2015-11-01,22.1
"Las_Esferas",2015-12-01,22
"Las_Esferas",2016-01-01,21.3
"Las_Esferas",2016-02-01,20.6
"Las_Esferas",2016-03-01,22.6
"Las_Esferas",2016-04-01,23.1
"Las_Esferas",2016-05-01,23
"Las_Esferas",2016-06-01,21.6
"Las_Esferas",2016-07-01,21.7
"Las_Esferas",2016-08-01,22.1
"Las_Esferas",2016-09-01,21.4
"Las_Esferas",2016-10-01,22
"Las_Esferas",2016-11-01,22.3
"Las_Esferas",2016-12-01,21.4
"Las_Esferas",2017-01-01,19.1
"Las_Esferas",2017-02-01,19.5
"Las_Esferas",2017-03-01,19.6
"Las_Esferas",2017-04-01,22.6
"Las_Esferas",2017-05-01,22.4
"Las_Esferas",2017-06-01,22
"Las_Esferas",2017-07-01,21.5
"Las_Esferas",2017-08-01,21.5
"Las_Esferas",2017-09-01,18.3
"Las_Esferas",2017-10-01,21.4
"Las_Esferas",2017-11-01,21.8
"Las_Esferas",2017-12-01,20.6
"Las_Esferas",2018-01-01,20.8
"Las_Esferas",2018-02-01,19.7
"Las_Esferas",2018-03-01,20.4
"Las_Esferas",2018-05-01,23.5
"Las_Esferas",2018-06-01,22.2
"Las_Esferas",2018-07-01,22.1
"Las_Esferas",2018-08-01,21.8
"Las_Esferas",2018-09-01,21.5
"Las_Esferas",2018-10-01,19.9
"Las_Esferas",2018-11-01,21.9
"Las_Esferas",2018-12-01,20.6
"Las_Esferas",2019-01-01,19
"Las_Esferas",2019-02-01,19
"Las_Esferas",2019-03-01,20.7
"Las_Esferas",2019-04-01,21.9
"Las_Esferas",2019-05-01,22.9
"Las_Esferas",2019-06-01,22.1
"Las_Esferas",2019-07-01,22.4
"Las_Esferas",2019-08-01,21.8
"Las_Esferas",2019-09-01,21.4
"Las_Esferas",2019-10-01,21.8
"Las_Esferas",2019-11-01,21.9
"Las_Esferas",2019-12-01,21.7
"Las_Esferas",2020-01-01,21.9
"Las_Esferas",2020-02-01,20.9
"Las_Esferas",2020-03-01,21.2
"Las_Esferas",2020-04-01,22.9
"Las_Esferas",2020-05-01,22.6
"Las_Esferas",2020-06-01,22.1
"Las_Esferas",2020-07-01,21.8
"Las_Esferas",2020-08-01,21.2
"Las_Esferas",2020-09-01,22.6
"Las_Esferas",2020-10-01,21.8
"Las_Esferas",2020-11-01,22.2
"Las_Esferas",2020-12-01,21.4
"Las_Esferas",2021-01-01,21
"Las_Esferas",2021-02-01,20.7
"Las_Esferas",2021-03-01,20.6
"Las_Esferas",2021-04-01,21.6
"Las_Esferas",2021-05-01,22.2
"Las_Esferas",2021-06-01,21.8
"Las_Esferas",2021-07-01,21.6
"Las_Esferas",2021-08-01,21.9
"Las_Esferas",2021-09-01,21.5
"Las_Esferas",2021-10-01,21.8
"Las_Esferas",2021-11-01,22.1
"Las_Esferas",2021-12-01,21.3
"Las_Esferas",2022-01-01,20.6
"Las_Esferas",2022-02-01,19.2
"Las_Esferas",2022-03-01,21
"Las_Esferas",2022-04-01,20.8
"Las_Esferas",2022-05-01,22.6
"Las_Esferas",2022-06-01,21.8
"Las_Esferas",2022-07-01,21.3
"Las_Esferas",2022-08-01,22.1
"Las_Esferas",2022-09-01,21.9
"Las_Esferas",2022-10-01,22.2
"Las_Esferas",2022-11-01,21.7
"Las_Esferas",2022-12-01,21.3
"Las_Esferas",2023-01-01,21
"Las_Esferas",2023-02-01,19.8
"Las_Esferas",2023-03-01,21.5
"Las_Esferas",2023-04-01,22.4
"Las_Esferas",2023-05-01,22.5
"Las_Esferas",2023-06-01,23.1
"Las_Esferas",2023-07-01,21.9
"Las_Esferas",2023-08-01,22.1
"Las_Esferas",2023-09-01,22.6
"Las_Esferas",2023-10-01,22.3
"Las_Esferas",2023-11-01,22.6
"Las_Esferas",2023-12-01,22.3
"Las_Esferas",2024-01-01,22.4
"Las_Esferas",2024-02-01,21.8
"Las_Esferas",2024-03-01,21.6
"Las_Esferas",2024-04-01,22.5
"Las_Esferas",2024-05-01,23.4
"Las_Esferas",2024-06-01,23.1
"Puerto_Jimenez",2003-10-01,21.73
"Puerto_Jimenez",2003-11-01,21.94
"Puerto_Jimenez",2003-12-01,21.73
"Puerto_Jimenez",2004-01-01,20.7
"Puerto_Jimenez",2004-02-01,20.26
"Puerto_Jimenez",2004-03-01,21.37
"Puerto_Jimenez",2004-04-01,22.4
"Puerto_Jimenez",2004-05-01,21.74
"Puerto_Jimenez",2004-06-01,21.78
"Puerto_Jimenez",2004-07-01,21.78
"Puerto_Jimenez",2004-08-01,21.4
"Puerto_Jimenez",2004-09-01,21.99
"Puerto_Jimenez",2004-10-01,21.5
"Puerto_Jimenez",2004-11-01,21.5
"Puerto_Jimenez",2004-12-01,20.52
"Puerto_Jimenez",2005-01-01,21.09
"Puerto_Jimenez",2005-02-01,21.13
"Puerto_Jimenez",2005-03-01,22.36
"Puerto_Jimenez",2005-04-01,23.17
"Puerto_Jimenez",2005-05-01,21.78
"Puerto_Jimenez",2005-06-01,21.73
"Puerto_Jimenez",2005-07-01,21.47
"Puerto_Jimenez",2005-08-01,21.8
"Puerto_Jimenez",2005-09-01,22.48
"Puerto_Jimenez",2005-10-01,23.29
"Puerto_Jimenez",2006-02-01,19.43
"Puerto_Jimenez",2006-03-01,21.14
"Puerto_Jimenez",2006-04-01,21.21
"Puerto_Jimenez",2006-05-01,22.28
"Puerto_Jimenez",2006-06-01,21.9
"Puerto_Jimenez",2006-07-01,21.92
"Puerto_Jimenez",2006-08-01,22.27
"Puerto_Jimenez",2006-09-01,21.51
"Puerto_Jimenez",2006-10-01,22.04
"Puerto_Jimenez",2006-11-01,21.24
"Puerto_Jimenez",2006-12-01,22.26
"Puerto_Jimenez",2007-01-01,21.57
"Puerto_Jimenez",2007-02-01,20.98
"Puerto_Jimenez",2007-03-01,20.76
"Puerto_Jimenez",2007-04-01,22.31
"Puerto_Jimenez",2007-05-01,22.32
"Puerto_Jimenez",2007-06-01,21.3
"Puerto_Jimenez",2007-07-01,21.54
"Puerto_Jimenez",2007-08-01,21
"Puerto_Jimenez",2007-09-01,21.12
"Puerto_Jimenez",2007-10-01,20.89
"Puerto_Jimenez",2007-11-01,21.72
"Puerto_Jimenez",2007-12-01,20.94
"Puerto_Jimenez",2008-01-01,20.48
"Puerto_Jimenez",2008-02-01,20.76
"Puerto_Jimenez",2008-03-01,20.08
"Puerto_Jimenez",2008-04-01,20.93
"Puerto_Jimenez",2008-05-01,21.72
"Puerto_Jimenez",2008-06-01,21.93
"Puerto_Jimenez",2008-07-01,21.87
"Puerto_Jimenez",2008-08-01,21.8
"Puerto_Jimenez",2008-09-01,21.07
"Puerto_Jimenez",2008-10-01,21.59
"Puerto_Jimenez",2008-11-01,21.61
"Puerto_Jimenez",2008-12-01,20.49
"Puerto_Jimenez",2009-01-01,19.4
"Puerto_Jimenez",2009-02-01,18.79
"Puerto_Jimenez",2009-03-01,20.69
"Puerto_Jimenez",2009-04-01,21.67
"Puerto_Jimenez",2009-05-01,22
"Puerto_Jimenez",2009-06-01,22.43
"Puerto_Jimenez",2009-07-01,15.1
"Puerto_Jimenez",2009-08-01,24.02
"Puerto_Jimenez",2009-10-01,22.32
"Puerto_Jimenez",2009-11-01,22.69
"Puerto_Jimenez",2009-12-01,22.05
"Puerto_Jimenez",2010-01-01,21.29
"Puerto_Jimenez",2010-02-01,23.27
"Puerto_Jimenez",2010-03-01,23.19
"Puerto_Jimenez",2010-04-01,22.84
"Puerto_Jimenez",2010-05-01,22.62
"Puerto_Jimenez",2010-06-01,22.47
"Puerto_Jimenez",2010-07-01,22.78
"Puerto_Jimenez",2010-08-01,22.52
"Puerto_Jimenez",2010-09-01,21.98
"Puerto_Jimenez",2010-10-01,22.65
"Puerto_Jimenez",2010-11-01,22.04
"Puerto_Jimenez",2010-12-01,20.65
"Puerto_Jimenez",2011-01-01,20.05
"Puerto_Jimenez",2011-02-01,21.25
"Puerto_Jimenez",2011-04-01,21.89
"Puerto_Jimenez",2011-05-01,22.43
"Puerto_Jimenez",2011-06-01,22.4
"Puerto_Jimenez",2011-07-01,21.19
"Puerto_Jimenez",2011-08-01,21.49
"Puerto_Jimenez",2011-09-01,21.96
"Puerto_Jimenez",2011-10-01,21.38
"Puerto_Jimenez",2011-12-01,21.19
"Puerto_Jimenez",2012-01-01,20.17
"Puerto_Jimenez",2012-02-01,20.34
"Puerto_Jimenez",2012-03-01,20.71
"Puerto_Jimenez",2012-04-01,21.19
"Puerto_Jimenez",2012-05-01,22.24
"Puerto_Jimenez",2012-06-01,21.42
"Puerto_Jimenez",2012-07-01,21.59
"Puerto_Jimenez",2012-08-01,21.19
"Puerto_Jimenez",2012-09-01,21.97
"Puerto_Jimenez",2012-10-01,20.68
"Puerto_Jimenez",2012-11-01,21.9
"Puerto_Jimenez",2012-12-01,21.5
"Puerto_Jimenez",2013-01-01,21.77
"Puerto_Jimenez",2013-02-01,20.77
"Puerto_Jimenez",2013-03-01,21.38
"Puerto_Jimenez",2013-04-01,21.31
"Puerto_Jimenez",2013-05-01,21.75
"Puerto_Jimenez",2013-06-01,21.68
"Puerto_Jimenez",2013-07-01,21.34
"Puerto_Jimenez",2013-08-01,21.58
"Puerto_Jimenez",2013-09-01,21.48
"Puerto_Jimenez",2013-10-01,21.55
"Puerto_Jimenez",2013-11-01,20.53
"Puerto_Jimenez",2013-12-01,20.84
"Puerto_Jimenez",2014-01-01,20.78
"Puerto_Jimenez",2014-02-01,21.35
"Puerto_Jimenez",2014-03-01,21.99
"Puerto_Jimenez",2014-04-01,22.2
"Puerto_Jimenez",2014-05-01,22.06
"Puerto_Jimenez",2014-06-01,21.32
"Puerto_Jimenez",2014-07-01,22.11
"Puerto_Jimenez",2014-08-01,21.43
"Puerto_Jimenez",2014-09-01,21.43
"Puerto_Jimenez",2014-10-01,21.43
"Puerto_Jimenez",2014-11-01,21.4
"Puerto_Jimenez",2014-12-01,21.3
"Puerto_Jimenez",2015-01-01,20.31
"Puerto_Jimenez",2015-02-01,20.82
"Puerto_Jimenez",2015-03-01,20.82
"Puerto_Jimenez",2015-04-01,21.4
"Puerto_Jimenez",2015-05-01,21.6
"Puerto_Jimenez",2015-06-01,21.6
"Puerto_Jimenez",2015-07-01,21.3
"Puerto_Jimenez",2015-08-01,22.4
"Puerto_Jimenez",2015-09-01,22.1
"Puerto_Jimenez",2015-10-01,22.2
"Puerto_Jimenez",2015-11-01,22.8
"Puerto_Jimenez",2015-12-01,22.9
"Puerto_Jimenez",2016-01-01,22.9
"Puerto_Jimenez",2016-02-01,22.5
"Puerto_Jimenez",2016-03-01,23.8
"Puerto_Jimenez",2016-04-01,23.6
"Puerto_Jimenez",2016-05-01,22.3
"Puerto_Jimenez",2016-06-01,21.2
"Puerto_Jimenez",2016-07-01,21.6
"Puerto_Jimenez",2016-08-01,21.6
"Puerto_Jimenez",2016-09-01,20.8
"Puerto_Jimenez",2016-10-01,21.1
"Puerto_Jimenez",2016-11-01,21.4
"Puerto_Jimenez",2016-12-01,20.3
"Puerto_Jimenez",2017-01-01,19.2
"Puerto_Jimenez",2017-02-01,20.1
"Puerto_Jimenez",2017-03-01,20.1
"Puerto_Jimenez",2017-04-01,21.4
"Puerto_Jimenez",2017-05-01,21.8
"Puerto_Jimenez",2017-06-01,21.5
"Puerto_Jimenez",2017-07-01,20.9
"Puerto_Jimenez",2017-08-01,20.9
"Puerto_Jimenez",2017-09-01,21.2
"Puerto_Jimenez",2017-10-01,20.4
"Puerto_Jimenez",2017-11-01,20.8
"Puerto_Jimenez",2017-12-01,19.6
"Puerto_Jimenez",2018-01-01,20.1
"Puerto_Jimenez",2018-02-01,19.7
"Puerto_Jimenez",2018-03-01,19.7
"Puerto_Jimenez",2018-04-01,20.7
"Puerto_Jimenez",2018-05-01,20.8
"Puerto_Jimenez",2018-06-01,21
"Puerto_Jimenez",2018-07-01,20.9
"Puerto_Jimenez",2018-08-01,21.2
"Puerto_Jimenez",2018-09-01,20.6
"Puerto_Jimenez",2018-10-01,19.1
"Puerto_Jimenez",2018-11-01,20.9
"Puerto_Jimenez",2018-12-01,20.1
"Puerto_Jimenez",2019-01-01,19.4
"Puerto_Jimenez",2019-02-01,18.3
"Puerto_Jimenez",2019-03-01,20.6
"Puerto_Jimenez",2019-04-01,20.8
"Puerto_Jimenez",2019-05-01,21.4
"Puerto_Jimenez",2019-06-01,21.5
"Puerto_Jimenez",2019-07-01,21.5
"Puerto_Jimenez",2019-08-01,21.6
"Puerto_Jimenez",2019-09-01,20.9
"Puerto_Jimenez",2019-10-01,20.7
"Puerto_Jimenez",2019-11-01,20.9
"Puerto_Jimenez",2019-12-01,21
"Puerto_Jimenez",2020-01-01,20.9
"Puerto_Jimenez",2020-02-01,20.6
"Puerto_Jimenez",2020-03-01,20.5
"Puerto_Jimenez",2020-04-01,21.8
"Puerto_Jimenez",2020-05-01,22
"Puerto_Jimenez",2020-06-01,21
"Puerto_Jimenez",2020-07-01,20.4
"Puerto_Jimenez",2020-08-01,20.3
"Puerto_Jimenez",2020-09-01,20.8
"Puerto_Jimenez",2020-10-01,20.8
"Puerto_Jimenez",2020-11-01,20.8
"Puerto_Jimenez",2020-12-01,20.3
"Puerto_Jimenez",2021-01-01,19.6
"Puerto_Jimenez",2021-02-01,20.5
"Puerto_Jimenez",2021-03-01,20.5
"Puerto_Jimenez",2021-04-01,20.6
"Puerto_Jimenez",2021-05-01,21.1
"Puerto_Jimenez",2021-06-01,20.7
"Puerto_Jimenez",2021-07-01,20.5
"Puerto_Jimenez",2021-08-01,21.1
"Puerto_Jimenez",2021-09-01,20.7
"Puerto_Jimenez",2021-10-01,20.7
"Puerto_Jimenez",2021-11-01,20.8
"Puerto_Jimenez",2021-12-01,20.4
"Puerto_Jimenez",2022-01-01,19.8
"Puerto_Jimenez",2022-02-01,19.1
"Puerto_Jimenez",2022-03-01,20.7
"Puerto_Jimenez",2022-04-01,20.3
"Puerto_Jimenez",2022-05-01,21.5
"Puerto_Jimenez",2022-06-01,20.3
"Puerto_Jimenez",2022-07-01,20.5
"Puerto_Jimenez",2022-08-01,20.7
"Puerto_Jimenez",2022-09-01,20.7
"Puerto_Jimenez",2022-10-01,22
"Puerto_Jimenez",2022-11-01,21.4
"Puerto_Jimenez",2022-12-01,20
"Puerto_Jimenez",2023-01-01,20.1
"Puerto_Jimenez",2023-03-01,20.7
"Puerto_Jimenez",2023-04-01,21.5
"Puerto_Jimenez",2023-05-01,23.1
"Puerto_Jimenez",2023-06-01,21.9
"Puerto_Jimenez",2023-07-01,22.4
"Puerto_Jimenez",2023-08-01,22.1
"Puerto_Jimenez",2023-09-01,21.7
"Puerto_Jimenez",2023-10-01,21.2
"Puerto_Jimenez",2023-11-01,22.2
"Puerto_Jimenez",2023-12-01,21.4
"Puerto_Jimenez",2024-01-01,22
"Puerto_Jimenez",2024-02-01,21.4
"Puerto_Jimenez",2024-03-01,21.2
"Puerto_Jimenez",2024-04-01,22.4
"Puerto_Jimenez",2024-05-01,22.1
"Puerto_Jimenez",2024-06-01,22.1
"Puerto_Jimenez",2024-07-01,21.6
"Puerto_Jimenez",2024-08-01,22.4
"San_Vito",2017-12-01,15.9
"San_Vito",2018-01-01,16.7
"San_Vito",2018-02-01,15.3
"San_Vito",2018-03-01,16.6
"San_Vito",2018-04-01,17
"San_Vito",2018-05-01,17.3
"San_Vito",2018-06-01,17.3
"San_Vito",2018-07-01,17.5
"San_Vito",2018-08-01,16.9
"San_Vito",2018-09-01,17
"San_Vito",2018-10-01,14.9
"San_Vito",2018-11-01,17.6
"San_Vito",2018-12-01,16.1
"San_Vito",2019-01-01,14.8
"San_Vito",2019-02-01,16.2
"San_Vito",2019-03-01,15.9
"San_Vito",2019-04-01,17.3
"San_Vito",2019-05-01,17.3
"San_Vito",2019-06-01,18.1
"San_Vito",2019-07-01,17.5
"San_Vito",2019-08-01,17.6
"San_Vito",2019-09-01,16.6
"San_Vito",2019-10-01,17.2
"San_Vito",2019-11-01,17.3
"San_Vito",2019-12-01,17
"San_Vito",2020-01-01,15.8
"San_Vito",2020-02-01,16.4
"San_Vito",2020-03-01,16.1
"San_Vito",2020-04-01,17.7
"San_Vito",2020-05-01,17.9
"San_Vito",2020-06-01,17.2
"San_Vito",2020-07-01,17
"San_Vito",2020-08-01,16.8
"San_Vito",2020-09-01,17
"San_Vito",2020-10-01,17.1
"San_Vito",2020-11-01,17.1
"San_Vito",2020-12-01,16.5
"San_Vito",2021-01-01,15.3
"San_Vito",2021-02-01,15.4
"San_Vito",2021-03-01,15.4
"San_Vito",2021-04-01,16.6
"San_Vito",2021-05-01,17.2
"San_Vito",2021-06-01,17.2
"San_Vito",2021-07-01,17.6
"San_Vito",2021-08-01,16.9
"San_Vito",2021-09-01,16.7
"San_Vito",2021-10-01,17.2
"San_Vito",2021-11-01,16.6
"San_Vito",2021-12-01,16
"San_Vito",2022-01-01,15.2
"San_Vito",2022-02-01,14.5
"San_Vito",2022-03-01,16.1
"San_Vito",2022-04-01,16.7
"San_Vito",2022-05-01,17.4
"San_Vito",2022-06-01,16.5
"San_Vito",2022-07-01,16.6
"San_Vito",2022-08-01,16.7
"San_Vito",2022-09-01,16.1
"San_Vito",2022-10-01,16.4
"San_Vito",2022-11-01,16.7
"San_Vito",2022-12-01,14.9
"San_Vito",2023-01-01,14.8
"San_Vito",2023-02-01,14.9
"San_Vito",2023-03-01,15.6
"San_Vito",2023-04-01,17
"San_Vito",2023-05-01,18.5
"San_Vito",2023-06-01,18.4
"San_Vito",2023-07-01,18.8
"San_Vito",2023-08-01,18
"San_Vito",2023-09-01,18.2
"San_Vito",2023-10-01,18.6
"San_Vito",2023-11-01,17.8
"San_Vito",2023-12-01,17.2
"San_Vito",2024-01-01,17.3
"San_Vito",2024-02-01,17.1
"San_Vito",2024-03-01,17.3
"San_Vito",2024-04-01,18.2
"San_Vito",2024-05-01,18.8
"San_Vito",2024-06-01,18.3
"San_Vito",2024-07-01,18.4
"San_Vito",2024-08-01,17.9
"San_Vito",2024-09-01,17.9
